Model,ROUGE Score,Inference Speed (seconds),Memory Usage (MB),Model Size (MB),Ease of Use (1-10),Compatibility (1-10)
BART,0.7142857142857139,0.25,0.0,0.2,0.6666666666666666,1.0
T5,0.42857142857142766,0.5,0.5,0.6,0.3333333333333333,0.5
GPT-2,0.0,1.0,1.0,1.0,0.0,0.0
Pegasus,1.0,0.6000000000000001,0.5,0.8,0.3333333333333333,0.5
BERT,0.2857142857142846,0.0,0.25,0.0,1.0,1.0
